trade_id,year,region1,region2,industry1,industry2,amount,total_materials_value,materials_count
210,2021,RU,RU,WEARI,PULP5,45436610.04,0,0
479,2021,RU,RU,MEMBE,PAPE2,6564599.25,0,0
180,2021,RU,RU,ELE10,URANI,2677577.21,0,0
756,2021,RU,RU,URANI,BIODI,2149950.04,0,0
655,2021,RU,RU,PRIVA,TEXT2,1855007.89,0,0
763,2021,RU,RU,URANI,NONSP,1794453.98,0,0
881,2021,RU,RU,ELEC4,PETRO,1651725.51,0,0
114,2021,RU,RU,TEXT2,HEALT,1408597.77,0,0
848,2021,RU,RU,SECO1,MOTO1,1380905.98,0,0
615,2021,RU,RU,LUBRI,CONST,1348333.51,0,0
221,2021,RU,RU,COKE1,TEXT2,971548.45,0,0
823,2021,RU,RU,SALEM,PLAS1,934012.69,0,0
584,2021,RU,RU,NONSP,CONST,870420.88,0,0
126,2021,RU,RU,MEDIC,SECO8,712217.82,0,0
379,2021,RU,RU,PETRO,WEARI,711056.62,0,0
910,2021,RU,RU,SUGAR,MOTO1,665395.45,0,0
375,2021,RU,RU,PETRO,ALUM1,648849.55,0,0
235,2021,RU,RU,COKE1,FOOD3,634035.5,0,0
285,2021,RU,RU,FOODW,ELE10,616974.79,0,0
253,2021,RU,RU,ELEC7,MEDIC,600423.48,0,0
324,2021,RU,RU,MOTO1,PAPE2,557360.87,0,0
562,2021,RU,RU,NONSP,TEXT2,534187.4,0,0
421,2021,RU,RU,PAPE2,FOOD3,514973.03,0,0
870,2021,RU,RU,ELEC4,SECO8,453845.15,0,0
461,2021,RU,RU,ELE12,SALEM,405069.05,0,0
502,2021,RU,RU,PLAS1,ELE10,352759.43,0,0
168,2021,RU,RU,ELE10,PETRO,341800.48,0,0
107,2021,RU,RU,TEXT2,PAPE2,332855.84,0,0
623,2021,RU,RU,HEALT,ALUM1,329410.92,0,0
932,2021,RU,RU,TEXT1,SECO8,328697.34,0,0
606,2021,RU,RU,LUBRI,PLAS1,325132.97,0,0
388,2021,RU,RU,PETRO,MEMBE,324625.37,0,0
157,2021,RU,RU,ELE10,SECO8,316296.8,0,0
32,2021,RU,RU,SECO8,MEAT4,305802.72,0,0
651,2021,RU,RU,HEALT,TEXT1,303273.48,0,0
886,2021,RU,RU,ELEC4,FOOD3,301573.28,0,0
945,2021,RU,RU,TEXT1,ELE12,301520.26,0,0
394,2021,RU,RU,PETRO,PRIVA,290293.25,0,0
770,2021,RU,RU,URANI,CONST,276819.62,0,0
864,2021,RU,RU,SECO1,SALEM,265586.05,0,0
876,2021,RU,RU,ELEC4,COKE1,264711.19,0,0
768,2021,RU,RU,URANI,PULP5,249446.96,0,0
249,2021,RU,RU,ELEC7,MEAT4,246135.04,0,0
422,2021,RU,RU,PAPE2,NONSP,239989.9,0,0
708,2021,RU,RU,TRAN2,CONST,239662.14,0,0
678,2021,RU,RU,PRIVA,SALEM,238154.79,0,0
710,2021,RU,RU,TRAN2,SECO1,207138.08,0,0
489,2021,RU,RU,MEMBE,PULP5,202370.22,0,0
572,2021,RU,RU,NONSP,PAPE2,197026.45,0,0
642,2021,RU,RU,HEALT,PRIVA,193407.34,0,0
739,2021,RU,RU,PULP5,CONST,191699.84,0,0
475,2021,RU,RU,MEMBE,FOODW,182119.67,0,0
267,2021,RU,RU,ELEC7,NONSP,176491.55,0,0
437,2021,RU,RU,ELE12,ALUM1,174824.67,0,0
625,2021,RU,RU,HEALT,MEDIC,160006.0,0,0
283,2021,RU,RU,FOODW,TEXT2,157163.52,0,0
827,2021,RU,RU,SALEM,HEALT,154651.64,0,0
7,2021,RU,RU,MEAT4,WEARI,154512.77,0,0
914,2021,RU,RU,SUGAR,ELE12,153834.59,0,0
929,2021,RU,RU,SUGAR,SUGAR,149314.5,0,0
74,2021,RU,RU,ALUM1,BIODI,148986.23,0,0
417,2021,RU,RU,PAPE2,PAPE2,144044.84,0,0
837,2021,RU,RU,SALEM,TEXT1,143810.43,0,0
136,2021,RU,RU,MEDIC,BIODI,143607.05,0,0
863,2021,RU,RU,SECO1,CONST,142737.56,0,0
72,2021,RU,RU,ALUM1,FOODW,139398.42,0,0
362,2021,RU,RU,BIODI,HEALT,137564.38,0,0
632,2021,RU,RU,HEALT,BIODI,136472.14,0,0
495,2021,RU,RU,MEMBE,SUGAR,134297.15,0,0
4,2021,RU,RU,MEAT4,TEXT2,134265.52,0,0
668,2021,RU,RU,PRIVA,PLAS1,128025.21,0,0
435,2021,RU,RU,ELE12,MEAT4,127502.68,0,0
610,2021,RU,RU,LUBRI,HEALT,125506.24,0,0
492,2021,RU,RU,MEMBE,SALEM,120554.88,0,0
83,2021,RU,RU,ALUM1,HEALT,119938.59,0,0
352,2021,RU,RU,BIODI,MOTO1,119180.04,0,0
21,2021,RU,RU,MEAT4,HEALT,116322.52,0,0
178,2021,RU,RU,ELE10,TRAN2,112852.3,0,0
826,2021,RU,RU,SALEM,LUBRI,112810.1,0,0
373,2021,RU,RU,PETRO,MEAT4,112179.89,0,0
813,2021,RU,RU,SALEM,WEARI,111017.68,0,0
954,2021,RU,RU,TEXT1,PULP5,110129.42,0,0
544,2021,RU,RU,FOOD3,PLAS1,109526.47,0,0
271,2021,RU,RU,ELEC7,TRAN2,109445.64,0,0
855,2021,RU,RU,SECO1,FOOD3,103907.94,0,0
822,2021,RU,RU,SALEM,MEMBE,101049.79,0,0
123,2021,RU,RU,TEXT2,SUGAR,99407.79,0,0
895,2021,RU,RU,ELEC4,SALEM,94409.55,0,0
426,2021,RU,RU,PAPE2,TRAN2,91270.13,0,0
474,2021,RU,RU,MEMBE,ELEC7,90870.04,0,0
66,2021,RU,RU,ALUM1,TEXT2,88486.04,0,0
604,2021,RU,RU,LUBRI,ELE12,88352.93,0,0
398,2021,RU,RU,PETRO,CONST,87963.83,0,0
624,2021,RU,RU,HEALT,TEXT2,86124.58,0,0
142,2021,RU,RU,MEDIC,FOOD3,78265.09,0,0
315,2021,RU,RU,MOTO1,MEDIC,77940.19,0,0
904,2021,RU,RU,SUGAR,MEDIC,72847.95,0,0
414,2021,RU,RU,PAPE2,MOTO1,72706.94,0,0
307,2021,RU,RU,FOODW,SECO1,72704.77,0,0
680,2021,RU,RU,PRIVA,ELEC4,71602.68,0,0
257,2021,RU,RU,ELEC7,ELEC7,70776.19,0,0
809,2021,RU,RU,SALEM,ALUM1,68829.68,0,0
671,2021,RU,RU,PRIVA,LUBRI,67185.52,0,0
400,2021,RU,RU,PETRO,SECO1,65810.9,0,0
899,2021,RU,RU,ELEC4,TEXT1,60856.41,0,0
565,2021,RU,RU,NONSP,WEARI,60056.12,0,0
925,2021,RU,RU,SUGAR,CONST,59137.27,0,0
854,2021,RU,RU,SECO1,PLAS1,58252.44,0,0
880,2021,RU,RU,ELEC4,BIODI,58161.75,0,0
395,2021,RU,RU,PETRO,TRAN2,56874.38,0,0
419,2021,RU,RU,PAPE2,MEMBE,56854.06,0,0
894,2021,RU,RU,ELEC4,CONST,55450.11,0,0
553,2021,RU,RU,FOOD3,CONST,55240.69,0,0
273,2021,RU,RU,ELEC7,URANI,54606.56,0,0
692,2021,RU,RU,TRAN2,FOODW,54085.67,0,0
163,2021,RU,RU,ELE10,COKE1,53986.48,0,0
327,2021,RU,RU,MOTO1,PLAS1,53921.1,0,0
765,2021,RU,RU,URANI,HEALT,52742.84,0,0
580,2021,RU,RU,NONSP,PRIVA,52020.08,0,0
119,2021,RU,RU,TEXT2,CONST,51899.12,0,0
212,2021,RU,RU,WEARI,CONST,50966.0,0,0
652,2021,RU,RU,PRIVA,MEAT4,49832.0,0,0
480,2021,RU,RU,MEMBE,ELE12,48968.73,0,0
956,2021,RU,RU,TEXT1,CONST,48690.52,0,0
890,2021,RU,RU,ELEC4,PRIVA,47655.77,0,0
716,2021,RU,RU,PULP5,ALUM1,47016.54,0,0
312,2021,RU,RU,MOTO1,SECO8,46487.66,0,0
630,2021,RU,RU,HEALT,FOODW,45957.8,0,0
670,2021,RU,RU,PRIVA,NONSP,45650.38,0,0
226,2021,RU,RU,COKE1,ELEC7,45359.57,0,0
203,2021,RU,RU,WEARI,PLAS1,44695.5,0,0
786,2021,RU,RU,CONST,MOTO1,44442.51,0,0
921,2021,RU,RU,SUGAR,PRIVA,43655.27,0,0
893,2021,RU,RU,ELEC4,URANI,42902.56,0,0
820,2021,RU,RU,SALEM,PAPE2,42774.65,0,0
429,2021,RU,RU,PAPE2,CONST,42026.73,0,0
48,2021,RU,RU,SECO8,PLAS1,41890.13,0,0
204,2021,RU,RU,WEARI,FOOD3,41543.86,0,0
754,2021,RU,RU,URANI,FOODW,41527.22,0,0
796,2021,RU,RU,CONST,HEALT,41476.49,0,0
702,2021,RU,RU,TRAN2,LUBRI,41049.05,0,0
884,2021,RU,RU,ELEC4,MEMBE,40554.51,0,0
595,2021,RU,RU,LUBRI,ELE10,39888.76,0,0
254,2021,RU,RU,ELEC7,ELE10,39385.9,0,0
815,2021,RU,RU,SALEM,ELEC7,39324.83,0,0
55,2021,RU,RU,SECO8,PULP5,39241.84,0,0
735,2021,RU,RU,PULP5,PRIVA,39061.36,0,0
740,2021,RU,RU,PULP5,SALEM,37643.86,0,0
539,2021,RU,RU,FOOD3,BIODI,36891.34,0,0
68,2021,RU,RU,ALUM1,ELE10,36637.67,0,0
839,2021,RU,RU,SECO1,SECO8,34919.69,0,0
738,2021,RU,RU,PULP5,URANI,34777.55,0,0
60,2021,RU,RU,SECO8,ELEC4,34161.78,0,0
335,2021,RU,RU,MOTO1,URANI,34125.47,0,0
774,2021,RU,RU,URANI,SUGAR,33907.32,0,0
424,2021,RU,RU,PAPE2,HEALT,33824.05,0,0
92,2021,RU,RU,ALUM1,SUGAR,33577.53,0,0
165,2021,RU,RU,ELE10,FOODW,33138.15,0,0
374,2021,RU,RU,PETRO,SECO8,32799.78,0,0
452,2021,RU,RU,ELE12,FOOD3,32462.99,0,0
213,2021,RU,RU,WEARI,SALEM,32370.55,0,0
389,2021,RU,RU,PETRO,PLAS1,32082.29,0,0
801,2021,RU,RU,CONST,CONST,31123.22,0,0
679,2021,RU,RU,PRIVA,SECO1,30921.16,0,0
56,2021,RU,RU,SECO8,URANI,30583.02,0,0
501,2021,RU,RU,PLAS1,MEDIC,30195.37,0,0
699,2021,RU,RU,TRAN2,PLAS1,30033.47,0,0
252,2021,RU,RU,ELEC7,TEXT2,29574.12,0,0
87,2021,RU,RU,ALUM1,URANI,29392.81,0,0
297,2021,RU,RU,FOODW,FOOD3,28254.26,0,0
818,2021,RU,RU,SALEM,BIODI,27558.79,0,0
490,2021,RU,RU,MEMBE,URANI,27013.7,0,0
942,2021,RU,RU,TEXT1,BIODI,26400.63,0,0
377,2021,RU,RU,PETRO,MEDIC,26391.61,0,0
563,2021,RU,RU,NONSP,MEDIC,26312.83,0,0
603,2021,RU,RU,LUBRI,PAPE2,26213.11,0,0
244,2021,RU,RU,COKE1,SALEM,25961.97,0,0
353,2021,RU,RU,BIODI,BIODI,25441.81,0,0
192,2021,RU,RU,WEARI,ELE10,25361.74,0,0
240,2021,RU,RU,COKE1,TRAN2,25111.55,0,0
294,2021,RU,RU,FOODW,ELE12,24934.44,0,0
541,2021,RU,RU,FOOD3,PAPE2,24082.25,0,0
787,2021,RU,RU,CONST,BIODI,23975.92,0,0
589,2021,RU,RU,NONSP,TEXT1,23761.92,0,0
575,2021,RU,RU,NONSP,PLAS1,23706.72,0,0
176,2021,RU,RU,ELE10,HEALT,23575.38,0,0
313,2021,RU,RU,MOTO1,ALUM1,23471.47,0,0
637,2021,RU,RU,HEALT,PLAS1,23340.06,0,0
35,2021,RU,RU,SECO8,TEXT2,23303.58,0,0
167,2021,RU,RU,ELE10,BIODI,23275.36,0,0
76,2021,RU,RU,ALUM1,PAPE2,23266.18,0,0
891,2021,RU,RU,ELEC4,TRAN2,23183.72,0,0
139,2021,RU,RU,MEDIC,ELE12,22783.53,0,0
314,2021,RU,RU,MOTO1,TEXT2,22783.09,0,0
299,2021,RU,RU,FOODW,LUBRI,22746.24,0,0
65,2021,RU,RU,ALUM1,ALUM1,22727.13,0,0
328,2021,RU,RU,MOTO1,FOOD3,21572.11,0,0
121,2021,RU,RU,TEXT2,SECO1,21538.12,0,0
162,2021,RU,RU,ELE10,WEARI,21326.62,0,0
146,2021,RU,RU,MEDIC,PRIVA,21047.92,0,0
260,2021,RU,RU,ELEC7,BIODI,20673.03,0,0
578,2021,RU,RU,NONSP,LUBRI,20479.16,0,0
8,2021,RU,RU,MEAT4,COKE1,20304.28,0,0
216,2021,RU,RU,WEARI,SUGAR,19879.08,0,0
468,2021,RU,RU,MEMBE,ALUM1,19806.58,0,0
601,2021,RU,RU,LUBRI,BIODI,19780.89,0,0
516,2021,RU,RU,PLAS1,LUBRI,19702.05,0,0
120,2021,RU,RU,TEXT2,SALEM,19532.45,0,0
520,2021,RU,RU,PLAS1,PULP5,19505.81,0,0
303,2021,RU,RU,FOODW,PULP5,19307.21,0,0
908,2021,RU,RU,SUGAR,ELEC7,19257.08,0,0
724,2021,RU,RU,PULP5,MOTO1,19113.69,0,0
41,2021,RU,RU,SECO8,FOODW,18885.82,0,0
618,2021,RU,RU,LUBRI,ELEC4,18295.61,0,0
681,2021,RU,RU,PRIVA,SUGAR,18109.29,0,0
434,2021,RU,RU,PAPE2,TEXT1,17923.28,0,0
186,2021,RU,RU,ELE10,TEXT1,17765.28,0,0
686,2021,RU,RU,TRAN2,TEXT2,17720.83,0,0
411,2021,RU,RU,PAPE2,COKE1,17659.64,0,0
689,2021,RU,RU,TRAN2,WEARI,17630.75,0,0
938,2021,RU,RU,TEXT1,COKE1,17516.37,0,0
771,2021,RU,RU,URANI,SALEM,17489.92,0,0
760,2021,RU,RU,URANI,MEMBE,17167.52,0,0
650,2021,RU,RU,HEALT,SUGAR,16992.31,0,0
365,2021,RU,RU,BIODI,PULP5,16736.71,0,0
223,2021,RU,RU,COKE1,ELE10,16574.99,0,0
428,2021,RU,RU,PAPE2,URANI,16566.35,0,0
317,2021,RU,RU,MOTO1,WEARI,16397.47,0,0
885,2021,RU,RU,ELEC4,PLAS1,16394.95,0,0
798,2021,RU,RU,CONST,TRAN2,16378.94,0,0
230,2021,RU,RU,COKE1,PETRO,16301.21,0,0
842,2021,RU,RU,SECO1,MEDIC,16107.64,0,0
446,2021,RU,RU,ELE12,BIODI,15901.7,0,0
282,2021,RU,RU,FOODW,ALUM1,15604.69,0,0
869,2021,RU,RU,ELEC4,MEAT4,15465.4,0,0
160,2021,RU,RU,ELE10,MEDIC,15388.63,0,0
611,2021,RU,RU,LUBRI,PRIVA,15304.68,0,0
214,2021,RU,RU,WEARI,SECO1,15191.3,0,0
943,2021,RU,RU,TEXT1,PETRO,15146.17,0,0
896,2021,RU,RU,ELEC4,SECO1,15089.81,0,0
3,2021,RU,RU,MEAT4,ALUM1,15051.33,0,0
909,2021,RU,RU,SUGAR,FOODW,14968.61,0,0
425,2021,RU,RU,PAPE2,PRIVA,14964.56,0,0
961,2021,RU,RU,TEXT1,TEXT1,14865.63,0,0
531,2021,RU,RU,FOOD3,TEXT2,14712.92,0,0
236,2021,RU,RU,COKE1,NONSP,14542.02,0,0
860,2021,RU,RU,SECO1,TRAN2,14506.17,0,0
583,2021,RU,RU,NONSP,URANI,14500.74,0,0
773,2021,RU,RU,URANI,ELEC4,14487.18,0,0
300,2021,RU,RU,FOODW,HEALT,14386.88,0,0
330,2021,RU,RU,MOTO1,LUBRI,14340.8,0,0
181,2021,RU,RU,ELE10,CONST,14245.1,0,0
329,2021,RU,RU,MOTO1,NONSP,14190.1,0,0
406,2021,RU,RU,PAPE2,ALUM1,14145.12,0,0
775,2021,RU,RU,URANI,TEXT1,14108.39,0,0
780,2021,RU,RU,CONST,MEDIC,14068.31,0,0
694,2021,RU,RU,TRAN2,BIODI,13902.71,0,0
467,2021,RU,RU,MEMBE,SECO8,13841.36,0,0
54,2021,RU,RU,SECO8,TRAN2,13755.45,0,0
784,2021,RU,RU,CONST,ELEC7,13718.0,0,0
304,2021,RU,RU,FOODW,URANI,13710.62,0,0
917,2021,RU,RU,SUGAR,FOOD3,13626.09,0,0
706,2021,RU,RU,TRAN2,PULP5,13561.97,0,0
322,2021,RU,RU,MOTO1,BIODI,13198.95,0,0
695,2021,RU,RU,TRAN2,PETRO,13131.29,0,0
889,2021,RU,RU,ELEC4,HEALT,13051.22,0,0
288,2021,RU,RU,FOODW,ELEC7,12975.17,0,0
125,2021,RU,RU,MEDIC,MEAT4,12927.9,0,0
887,2021,RU,RU,ELEC4,NONSP,12833.58,0,0
547,2021,RU,RU,FOOD3,LUBRI,12615.49,0,0
477,2021,RU,RU,MEMBE,BIODI,12599.25,0,0
211,2021,RU,RU,WEARI,URANI,12422.02,0,0
524,2021,RU,RU,PLAS1,SECO1,12412.96,0,0
959,2021,RU,RU,TEXT1,ELEC4,12387.19,0,0
504,2021,RU,RU,PLAS1,COKE1,12178.45,0,0
202,2021,RU,RU,WEARI,MEMBE,12112.11,0,0
785,2021,RU,RU,CONST,FOODW,12082.05,0,0
309,2021,RU,RU,FOODW,SUGAR,11704.67,0,0
522,2021,RU,RU,PLAS1,CONST,11595.83,0,0
10,2021,RU,RU,MEAT4,FOODW,11572.65,0,0
496,2021,RU,RU,MEMBE,TEXT1,11467.53,0,0
543,2021,RU,RU,FOOD3,MEMBE,11209.43,0,0
149,2021,RU,RU,MEDIC,URANI,10991.24,0,0
361,2021,RU,RU,BIODI,LUBRI,10920.16,0,0
745,2021,RU,RU,URANI,MEAT4,10874.19,0,0
209,2021,RU,RU,WEARI,TRAN2,10803.43,0,0
207,2021,RU,RU,WEARI,HEALT,10803.1,0,0
410,2021,RU,RU,PAPE2,WEARI,10787.0,0,0
208,2021,RU,RU,WEARI,PRIVA,10769.41,0,0
90,2021,RU,RU,ALUM1,SECO1,10755.46,0,0
892,2021,RU,RU,ELEC4,PULP5,10595.5,0,0
243,2021,RU,RU,COKE1,CONST,10535.1,0,0
454,2021,RU,RU,ELE12,LUBRI,10510.36,0,0
517,2021,RU,RU,PLAS1,HEALT,10428.45,0,0
372,2021,RU,RU,BIODI,TEXT1,10352.63,0,0
1,2021,RU,RU,MEAT4,MEAT4,10319.45,0,0
757,2021,RU,RU,URANI,PETRO,10232.2,0,0
846,2021,RU,RU,SECO1,ELEC7,10210.05,0,0
392,2021,RU,RU,PETRO,LUBRI,10196.48,0,0
684,2021,RU,RU,TRAN2,SECO8,10131.82,0,0
184,2021,RU,RU,ELE10,ELEC4,9958.49,0,0
619,2021,RU,RU,LUBRI,SUGAR,9922.13,0,0
593,2021,RU,RU,LUBRI,TEXT2,9871.92,0,0
158,2021,RU,RU,ELE10,ALUM1,9745.71,0,0
134,2021,RU,RU,MEDIC,FOODW,9739.85,0,0
187,2021,RU,RU,WEARI,MEAT4,9731.22,0,0
736,2021,RU,RU,PULP5,TRAN2,9715.65,0,0
622,2021,RU,RU,HEALT,SECO8,9688.27,0,0
858,2021,RU,RU,SECO1,HEALT,9686.99,0,0
276,2021,RU,RU,ELEC7,SECO1,9464.08,0,0
788,2021,RU,RU,CONST,PETRO,9395.16,0,0
958,2021,RU,RU,TEXT1,SECO1,9338.33,0,0
960,2021,RU,RU,TEXT1,SUGAR,9129.55,0,0
690,2021,RU,RU,TRAN2,COKE1,9051.25,0,0
259,2021,RU,RU,ELEC7,MOTO1,9041.21,0,0
935,2021,RU,RU,TEXT1,MEDIC,8955.62,0,0
791,2021,RU,RU,CONST,MEMBE,8725.85,0,0
605,2021,RU,RU,LUBRI,MEMBE,8379.87,0,0
339,2021,RU,RU,MOTO1,ELEC4,8369.33,0,0
166,2021,RU,RU,ELE10,MOTO1,8366.18,0,0
733,2021,RU,RU,PULP5,LUBRI,8272.0,0,0
250,2021,RU,RU,ELEC7,SECO8,8204.63,0,0
106,2021,RU,RU,TEXT2,PETRO,8185.56,0,0
364,2021,RU,RU,BIODI,TRAN2,8137.83,0,0
714,2021,RU,RU,PULP5,MEAT4,8085.6,0,0
559,2021,RU,RU,NONSP,MEAT4,7991.47,0,0
196,2021,RU,RU,WEARI,FOODW,7811.04,0,0
441,2021,RU,RU,ELE12,WEARI,7786.63,0,0
844,2021,RU,RU,SECO1,WEARI,7754.47,0,0
783,2021,RU,RU,CONST,COKE1,7711.71,0,0
600,2021,RU,RU,LUBRI,MOTO1,7656.05,0,0
928,2021,RU,RU,SUGAR,ELEC4,7654.35,0,0
28,2021,RU,RU,MEAT4,SECO1,7625.44,0,0
549,2021,RU,RU,FOOD3,PRIVA,7539.15,0,0
901,2021,RU,RU,SUGAR,SECO8,7492.69,0,0
447,2021,RU,RU,ELE12,PETRO,7453.92,0,0
69,2021,RU,RU,ALUM1,WEARI,7362.02,0,0
71,2021,RU,RU,ALUM1,ELEC7,7357.6,0,0
201,2021,RU,RU,WEARI,ELE12,7291.53,0,0
82,2021,RU,RU,ALUM1,LUBRI,7279.24,0,0
295,2021,RU,RU,FOODW,MEMBE,7277.47,0,0
952,2021,RU,RU,TEXT1,PRIVA,7187.79,0,0
728,2021,RU,RU,PULP5,ELE12,7107.84,0,0
152,2021,RU,RU,MEDIC,SECO1,7087.73,0,0
49,2021,RU,RU,SECO8,FOOD3,7037.76,0,0
957,2021,RU,RU,TEXT1,SALEM,7022.07,0,0
387,2021,RU,RU,PETRO,ELE12,7005.07,0,0
174,2021,RU,RU,ELE10,NONSP,6994.5,0,0
581,2021,RU,RU,NONSP,TRAN2,6948.22,0,0
555,2021,RU,RU,FOOD3,SECO1,6932.71,0,0
868,2021,RU,RU,SECO1,TEXT1,6878.4,0,0
594,2021,RU,RU,LUBRI,MEDIC,6864.75,0,0
415,2021,RU,RU,PAPE2,BIODI,6841.66,0,0
59,2021,RU,RU,SECO8,SECO1,6823.71,0,0
88,2021,RU,RU,ALUM1,CONST,6780.99,0,0
573,2021,RU,RU,NONSP,ELE12,6750.14,0,0
697,2021,RU,RU,TRAN2,ELE12,6736.75,0,0
319,2021,RU,RU,MOTO1,ELEC7,6703.71,0,0
51,2021,RU,RU,SECO8,LUBRI,6702.33,0,0
359,2021,RU,RU,BIODI,FOOD3,6679.49,0,0
18,2021,RU,RU,MEAT4,FOOD3,6539.52,0,0
478,2021,RU,RU,MEMBE,PETRO,6490.7,0,0
351,2021,RU,RU,BIODI,FOODW,6485.14,0,0
721,2021,RU,RU,PULP5,COKE1,6434.98,0,0
298,2021,RU,RU,FOODW,NONSP,6426.91,0,0
116,2021,RU,RU,TEXT2,TRAN2,6335.15,0,0
150,2021,RU,RU,MEDIC,CONST,6263.29,0,0
97,2021,RU,RU,TEXT2,TEXT2,6249.77,0,0
155,2021,RU,RU,MEDIC,TEXT1,6202.34,0,0
561,2021,RU,RU,NONSP,ALUM1,6151.41,0,0
847,2021,RU,RU,SECO1,FOODW,6142.1,0,0
867,2021,RU,RU,SECO1,SUGAR,6091.58,0,0
289,2021,RU,RU,FOODW,FOODW,6017.82,0,0
613,2021,RU,RU,LUBRI,PULP5,6002.44,0,0
916,2021,RU,RU,SUGAR,PLAS1,5988.25,0,0
175,2021,RU,RU,ELE10,LUBRI,5953.45,0,0
793,2021,RU,RU,CONST,FOOD3,5877.85,0,0
511,2021,RU,RU,PLAS1,ELE12,5861.39,0,0
817,2021,RU,RU,SALEM,MOTO1,5811.68,0,0
98,2021,RU,RU,TEXT2,MEDIC,5725.23,0,0
145,2021,RU,RU,MEDIC,HEALT,5708.47,0,0
529,2021,RU,RU,FOOD3,SECO8,5706.19,0,0
109,2021,RU,RU,TEXT2,MEMBE,5675.28,0,0
737,2021,RU,RU,PULP5,PULP5,5653.75,0,0
554,2021,RU,RU,FOOD3,SALEM,5631.06,0,0
151,2021,RU,RU,MEDIC,SALEM,5576.03,0,0
913,2021,RU,RU,SUGAR,PAPE2,5560.59,0,0
586,2021,RU,RU,NONSP,SECO1,5544.44,0,0
343,2021,RU,RU,BIODI,SECO8,5499.52,0,0
939,2021,RU,RU,TEXT1,ELEC7,5483.52,0,0
342,2021,RU,RU,BIODI,MEAT4,5481.96,0,0
950,2021,RU,RU,TEXT1,LUBRI,5477.2,0,0
13,2021,RU,RU,MEAT4,PETRO,5458.37,0,0
577,2021,RU,RU,NONSP,NONSP,5372.43,0,0
836,2021,RU,RU,SALEM,SUGAR,5353.67,0,0
154,2021,RU,RU,MEDIC,SUGAR,5327.48,0,0
346,2021,RU,RU,BIODI,MEDIC,5324.77,0,0
141,2021,RU,RU,MEDIC,PLAS1,5264.02,0,0
367,2021,RU,RU,BIODI,CONST,5219.89,0,0
620,2021,RU,RU,LUBRI,TEXT1,5217.17,0,0
878,2021,RU,RU,ELEC4,FOODW,5215.92,0,0
807,2021,RU,RU,SALEM,MEAT4,5194.39,0,0
912,2021,RU,RU,SUGAR,PETRO,5155.79,0,0
232,2021,RU,RU,COKE1,ELE12,5121.21,0,0
193,2021,RU,RU,WEARI,WEARI,5091.02,0,0
464,2021,RU,RU,ELE12,SUGAR,5089.58,0,0
711,2021,RU,RU,TRAN2,ELEC4,5052.02,0,0
37,2021,RU,RU,SECO8,ELE10,5024.89,0,0
792,2021,RU,RU,CONST,PLAS1,5010.14,0,0
484,2021,RU,RU,MEMBE,NONSP,4957.51,0,0
861,2021,RU,RU,SECO1,PULP5,4950.82,0,0
277,2021,RU,RU,ELEC7,ELEC4,4903.23,0,0
659,2021,RU,RU,PRIVA,COKE1,4891.29,0,0
40,2021,RU,RU,SECO8,ELEC7,4876.35,0,0
814,2021,RU,RU,SALEM,COKE1,4872.62,0,0
731,2021,RU,RU,PULP5,FOOD3,4863.98,0,0
920,2021,RU,RU,SUGAR,HEALT,4842.69,0,0
905,2021,RU,RU,SUGAR,ELE10,4806.61,0,0
747,2021,RU,RU,URANI,ALUM1,4754.83,0,0
918,2021,RU,RU,SUGAR,NONSP,4752.96,0,0
238,2021,RU,RU,COKE1,HEALT,4751.12,0,0
758,2021,RU,RU,URANI,PAPE2,4731.94,0,0
144,2021,RU,RU,MEDIC,LUBRI,4729.55,0,0
378,2021,RU,RU,PETRO,ELE10,4714.3,0,0
585,2021,RU,RU,NONSP,SALEM,4696.94,0,0
781,2021,RU,RU,CONST,ELE10,4648.28,0,0
108,2021,RU,RU,TEXT2,ELE12,4612.13,0,0
195,2021,RU,RU,WEARI,ELEC7,4596.05,0,0
42,2021,RU,RU,SECO8,MOTO1,4575.27,0,0
725,2021,RU,RU,PULP5,BIODI,4569.52,0,0
845,2021,RU,RU,SECO1,COKE1,4519.38,0,0
198,2021,RU,RU,WEARI,BIODI,4377.85,0,0
386,2021,RU,RU,PETRO,PAPE2,4341.54,0,0
718,2021,RU,RU,PULP5,MEDIC,4340.54,0,0
898,2021,RU,RU,ELEC4,SUGAR,4301.78,0,0
923,2021,RU,RU,SUGAR,PULP5,4156.48,0,0
270,2021,RU,RU,ELEC7,PRIVA,4133.38,0,0
616,2021,RU,RU,LUBRI,SALEM,4117.71,0,0
762,2021,RU,RU,URANI,FOOD3,4044.14,0,0
409,2021,RU,RU,PAPE2,ELE10,4026.85,0,0
306,2021,RU,RU,FOODW,SALEM,3997.08,0,0
418,2021,RU,RU,PAPE2,ELE12,3980.6,0,0
717,2021,RU,RU,PULP5,TEXT2,3966.22,0,0
281,2021,RU,RU,FOODW,SECO8,3959.18,0,0
26,2021,RU,RU,MEAT4,CONST,3933.58,0,0
617,2021,RU,RU,LUBRI,SECO1,3918.59,0,0
666,2021,RU,RU,PRIVA,ELE12,3889.65,0,0
129,2021,RU,RU,MEDIC,MEDIC,3824.29,0,0
519,2021,RU,RU,PLAS1,TRAN2,3821.24,0,0
369,2021,RU,RU,BIODI,SECO1,3805.45,0,0
91,2021,RU,RU,ALUM1,ELEC4,3799.76,0,0
321,2021,RU,RU,MOTO1,MOTO1,3798.99,0,0
803,2021,RU,RU,CONST,SECO1,3790.68,0,0
79,2021,RU,RU,ALUM1,PLAS1,3749.59,0,0
77,2021,RU,RU,ALUM1,ELE12,3705.66,0,0
551,2021,RU,RU,FOOD3,PULP5,3701.43,0,0
819,2021,RU,RU,SALEM,PETRO,3661.8,0,0
220,2021,RU,RU,COKE1,ALUM1,3658.05,0,0
493,2021,RU,RU,MEMBE,SECO1,3617.07,0,0
333,2021,RU,RU,MOTO1,TRAN2,3602.96,0,0
436,2021,RU,RU,ELE12,SECO8,3587.59,0,0
638,2021,RU,RU,HEALT,FOOD3,3580.63,0,0
591,2021,RU,RU,LUBRI,SECO8,3564.99,0,0
279,2021,RU,RU,ELEC7,TEXT1,3549.3,0,0
132,2021,RU,RU,MEDIC,COKE1,3538.32,0,0
23,2021,RU,RU,MEAT4,TRAN2,3529.18,0,0
420,2021,RU,RU,PAPE2,PLAS1,3529.09,0,0
227,2021,RU,RU,COKE1,FOODW,3500.64,0,0
113,2021,RU,RU,TEXT2,LUBRI,3465.37,0,0
656,2021,RU,RU,PRIVA,MEDIC,3456.62,0,0
199,2021,RU,RU,WEARI,PETRO,3447.9,0,0
629,2021,RU,RU,HEALT,ELEC7,3426.56,0,0
509,2021,RU,RU,PLAS1,PETRO,3365.41,0,0
528,2021,RU,RU,FOOD3,MEAT4,3361.73,0,0
536,2021,RU,RU,FOOD3,ELEC7,3355.97,0,0
404,2021,RU,RU,PAPE2,MEAT4,3352.47,0,0
906,2021,RU,RU,SUGAR,WEARI,3347.91,0,0
233,2021,RU,RU,COKE1,MEMBE,3340.68,0,0
462,2021,RU,RU,ELE12,SECO1,3255.69,0,0
800,2021,RU,RU,CONST,URANI,3211.17,0,0
903,2021,RU,RU,SUGAR,TEXT2,3203.06,0,0
799,2021,RU,RU,CONST,PULP5,3199.65,0,0
744,2021,RU,RU,PULP5,TEXT1,3181.88,0,0
371,2021,RU,RU,BIODI,SUGAR,3169.33,0,0
316,2021,RU,RU,MOTO1,ELE10,3141.67,0,0
727,2021,RU,RU,PULP5,PAPE2,3121.55,0,0
571,2021,RU,RU,NONSP,PETRO,3121.43,0,0
657,2021,RU,RU,PRIVA,ELE10,3086.59,0,0
177,2021,RU,RU,ELE10,PRIVA,3079.45,0,0
368,2021,RU,RU,BIODI,SALEM,3076.29,0,0
274,2021,RU,RU,ELEC7,CONST,3058.2,0,0
403,2021,RU,RU,PETRO,TEXT1,3020.29,0,0
99,2021,RU,RU,TEXT2,ELE10,3019.31,0,0
491,2021,RU,RU,MEMBE,CONST,2922.13,0,0
331,2021,RU,RU,MOTO1,HEALT,2891.07,0,0
33,2021,RU,RU,SECO8,SECO8,2882.05,0,0
879,2021,RU,RU,ELEC4,MOTO1,2861.05,0,0
357,2021,RU,RU,BIODI,MEMBE,2846.13,0,0
355,2021,RU,RU,BIODI,PAPE2,2842.56,0,0
305,2021,RU,RU,FOODW,CONST,2829.19,0,0
658,2021,RU,RU,PRIVA,WEARI,2806.48,0,0
112,2021,RU,RU,TEXT2,NONSP,2789.77,0,0
442,2021,RU,RU,ELE12,COKE1,2747.0,0,0
663,2021,RU,RU,PRIVA,BIODI,2746.59,0,0
875,2021,RU,RU,ELEC4,WEARI,2744.03,0,0
835,2021,RU,RU,SALEM,ELEC4,2733.36,0,0
117,2021,RU,RU,TEXT2,PULP5,2733.18,0,0
767,2021,RU,RU,URANI,TRAN2,2731.29,0,0
73,2021,RU,RU,ALUM1,MOTO1,2725.58,0,0
715,2021,RU,RU,PULP5,SECO8,2713.28,0,0
797,2021,RU,RU,CONST,PRIVA,2700.28,0,0
949,2021,RU,RU,TEXT1,NONSP,2659.88,0,0
841,2021,RU,RU,SECO1,TEXT2,2634.22,0,0
512,2021,RU,RU,PLAS1,MEMBE,2629.12,0,0
648,2021,RU,RU,HEALT,SECO1,2602.59,0,0
440,2021,RU,RU,ELE12,ELE10,2594.45,0,0
612,2021,RU,RU,LUBRI,TRAN2,2594.21,0,0
720,2021,RU,RU,PULP5,WEARI,2585.4,0,0
262,2021,RU,RU,ELEC7,PAPE2,2568.78,0,0
451,2021,RU,RU,ELE12,PLAS1,2548.61,0,0
930,2021,RU,RU,SUGAR,TEXT1,2529.11,0,0
533,2021,RU,RU,FOOD3,ELE10,2527.03,0,0
789,2021,RU,RU,CONST,PAPE2,2501.35,0,0
67,2021,RU,RU,ALUM1,MEDIC,2489.84,0,0
188,2021,RU,RU,WEARI,SECO8,2484.75,0,0
779,2021,RU,RU,CONST,TEXT2,2474.8,0,0
110,2021,RU,RU,TEXT2,PLAS1,2474.73,0,0
173,2021,RU,RU,ELE10,FOOD3,2458.35,0,0
955,2021,RU,RU,TEXT1,URANI,2427.51,0,0
444,2021,RU,RU,ELE12,FOODW,2385.59,0,0
915,2021,RU,RU,SUGAR,MEMBE,2349.04,0,0
764,2021,RU,RU,URANI,LUBRI,2344.55,0,0
712,2021,RU,RU,TRAN2,SUGAR,2340.73,0,0
944,2021,RU,RU,TEXT1,PAPE2,2326.36,0,0
457,2021,RU,RU,ELE12,TRAN2,2281.13,0,0
363,2021,RU,RU,BIODI,PRIVA,2271.28,0,0
465,2021,RU,RU,ELE12,TEXT1,2251.11,0,0
399,2021,RU,RU,PETRO,SALEM,2238.7,0,0
242,2021,RU,RU,COKE1,URANI,2237.6,0,0
43,2021,RU,RU,SECO8,BIODI,2232.5,0,0
628,2021,RU,RU,HEALT,COKE1,2176.63,0,0
481,2021,RU,RU,MEMBE,MEMBE,2165.07,0,0
320,2021,RU,RU,MOTO1,FOODW,2153.05,0,0
2,2021,RU,RU,MEAT4,SECO8,2109.78,0,0
408,2021,RU,RU,PAPE2,MEDIC,2088.19,0,0
660,2021,RU,RU,PRIVA,ELEC7,2077.87,0,0
336,2021,RU,RU,MOTO1,CONST,2063.91,0,0
287,2021,RU,RU,FOODW,COKE1,2039.66,0,0
552,2021,RU,RU,FOOD3,URANI,2019.91,0,0
633,2021,RU,RU,HEALT,PETRO,2008.17,0,0
354,2021,RU,RU,BIODI,PETRO,1998.5,0,0
105,2021,RU,RU,TEXT2,BIODI,1991.78,0,0
897,2021,RU,RU,ELEC4,ELEC4,1962.95,0,0
871,2021,RU,RU,ELEC4,ALUM1,1915.3,0,0
726,2021,RU,RU,PULP5,PETRO,1881.91,0,0
700,2021,RU,RU,TRAN2,FOOD3,1877.59,0,0
62,2021,RU,RU,SECO8,TEXT1,1874.04,0,0
811,2021,RU,RU,SALEM,MEDIC,1868.37,0,0
498,2021,RU,RU,PLAS1,SECO8,1852.24,0,0
115,2021,RU,RU,TEXT2,PRIVA,1842.9,0,0
310,2021,RU,RU,FOODW,TEXT1,1798.16,0,0
548,2021,RU,RU,FOOD3,HEALT,1794.33,0,0
291,2021,RU,RU,FOODW,BIODI,1771.7,0,0
350,2021,RU,RU,BIODI,ELEC7,1748.27,0,0
840,2021,RU,RU,SECO1,ALUM1,1745.9,0,0
311,2021,RU,RU,MOTO1,MEAT4,1729.86,0,0
574,2021,RU,RU,NONSP,MEMBE,1723.73,0,0
81,2021,RU,RU,ALUM1,NONSP,1721.27,0,0
466,2021,RU,RU,MEMBE,MEAT4,1715.7,0,0
185,2021,RU,RU,ELE10,SUGAR,1705.04,0,0
22,2021,RU,RU,MEAT4,PRIVA,1695.21,0,0
649,2021,RU,RU,HEALT,ELEC4,1673.49,0,0
6,2021,RU,RU,MEAT4,ELE10,1660.14,0,0
5,2021,RU,RU,MEAT4,MEDIC,1660.07,0,0
100,2021,RU,RU,TEXT2,WEARI,1658.27,0,0
218,2021,RU,RU,COKE1,MEAT4,1649.05,0,0
513,2021,RU,RU,PLAS1,PLAS1,1640.29,0,0
687,2021,RU,RU,TRAN2,MEDIC,1634.65,0,0
951,2021,RU,RU,TEXT1,HEALT,1630.94,0,0
169,2021,RU,RU,ELE10,PAPE2,1614.1,0,0
645,2021,RU,RU,HEALT,URANI,1612.66,0,0
778,2021,RU,RU,CONST,ALUM1,1605.52,0,0
423,2021,RU,RU,PAPE2,LUBRI,1599.73,0,0
476,2021,RU,RU,MEMBE,MOTO1,1599.44,0,0
265,2021,RU,RU,ELEC7,PLAS1,1585.38,0,0
667,2021,RU,RU,PRIVA,MEMBE,1575.86,0,0
643,2021,RU,RU,HEALT,TRAN2,1557.79,0,0
179,2021,RU,RU,ELE10,PULP5,1538.18,0,0
653,2021,RU,RU,PRIVA,SECO8,1522.0,0,0
433,2021,RU,RU,PAPE2,SUGAR,1520.03,0,0
597,2021,RU,RU,LUBRI,COKE1,1518.25,0,0
646,2021,RU,RU,HEALT,CONST,1507.47,0,0
471,2021,RU,RU,MEMBE,ELE10,1498.73,0,0
830,2021,RU,RU,SALEM,PULP5,1473.71,0,0
358,2021,RU,RU,BIODI,PLAS1,1448.6,0,0
30,2021,RU,RU,MEAT4,SUGAR,1437.65,0,0
78,2021,RU,RU,ALUM1,MEMBE,1411.6,0,0
44,2021,RU,RU,SECO8,PETRO,1404.22,0,0
911,2021,RU,RU,SUGAR,BIODI,1380.99,0,0
806,2021,RU,RU,CONST,TEXT1,1376.18,0,0
58,2021,RU,RU,SECO8,SALEM,1376.05,0,0
696,2021,RU,RU,TRAN2,PAPE2,1374.9,0,0
318,2021,RU,RU,MOTO1,COKE1,1372.42,0,0
215,2021,RU,RU,WEARI,ELEC4,1355.37,0,0
338,2021,RU,RU,MOTO1,SECO1,1334.8,0,0
138,2021,RU,RU,MEDIC,PAPE2,1332.55,0,0
564,2021,RU,RU,NONSP,ELE10,1319.41,0,0
94,2021,RU,RU,TEXT2,MEAT4,1314.02,0,0
246,2021,RU,RU,COKE1,ELEC4,1291.74,0,0
641,2021,RU,RU,HEALT,HEALT,1287.6,0,0
673,2021,RU,RU,PRIVA,PRIVA,1265.57,0,0
103,2021,RU,RU,TEXT2,FOODW,1265.49,0,0
570,2021,RU,RU,NONSP,BIODI,1237.96,0,0
888,2021,RU,RU,ELEC4,LUBRI,1214.11,0,0
691,2021,RU,RU,TRAN2,ELEC7,1209.04,0,0
824,2021,RU,RU,SALEM,FOOD3,1203.4,0,0
719,2021,RU,RU,PULP5,ELE10,1201.07,0,0
674,2021,RU,RU,PRIVA,TRAN2,1177.79,0,0
688,2021,RU,RU,TRAN2,ELE10,1167.88,0,0
538,2021,RU,RU,FOOD3,MOTO1,1139.8,0,0
52,2021,RU,RU,SECO8,HEALT,1138.3,0,0
280,2021,RU,RU,FOODW,MEAT4,1137.65,0,0
866,2021,RU,RU,SECO1,ELEC4,1130.87,0,0
95,2021,RU,RU,TEXT2,SECO8,1118.48,0,0
902,2021,RU,RU,SUGAR,ALUM1,1115.05,0,0
366,2021,RU,RU,BIODI,URANI,1093.29,0,0
566,2021,RU,RU,NONSP,COKE1,1074.72,0,0
556,2021,RU,RU,FOOD3,ELEC4,1064.55,0,0
582,2021,RU,RU,NONSP,PULP5,1055.51,0,0
829,2021,RU,RU,SALEM,TRAN2,1042.66,0,0
102,2021,RU,RU,TEXT2,ELEC7,1041.47,0,0
560,2021,RU,RU,NONSP,SECO8,1040.59,0,0
634,2021,RU,RU,HEALT,PAPE2,1025.36,0,0
558,2021,RU,RU,FOOD3,TEXT1,1010.91,0,0
805,2021,RU,RU,CONST,SUGAR,1006.02,0,0
812,2021,RU,RU,SALEM,ELE10,992.94,0,0
269,2021,RU,RU,ELEC7,HEALT,992.16,0,0
599,2021,RU,RU,LUBRI,FOODW,981.68,0,0
825,2021,RU,RU,SALEM,NONSP,978.72,0,0
919,2021,RU,RU,SUGAR,LUBRI,976.44,0,0
191,2021,RU,RU,WEARI,MEDIC,976.24,0,0
405,2021,RU,RU,PAPE2,SECO8,967.62,0,0
587,2021,RU,RU,NONSP,ELEC4,945.39,0,0
47,2021,RU,RU,SECO8,MEMBE,942.37,0,0
804,2021,RU,RU,CONST,ELEC4,938.53,0,0
11,2021,RU,RU,MEAT4,MOTO1,935.85,0,0
12,2021,RU,RU,MEAT4,BIODI,930.46,0,0
396,2021,RU,RU,PETRO,PULP5,922.48,0,0
9,2021,RU,RU,MEAT4,ELEC7,921.79,0,0
345,2021,RU,RU,BIODI,TEXT2,918.19,0,0
225,2021,RU,RU,COKE1,COKE1,916.14,0,0
247,2021,RU,RU,COKE1,SUGAR,909.27,0,0
592,2021,RU,RU,LUBRI,ALUM1,903.12,0,0
808,2021,RU,RU,SALEM,SECO8,900.66,0,0
61,2021,RU,RU,SECO8,SUGAR,899.7,0,0
256,2021,RU,RU,ELEC7,COKE1,888.39,0,0
219,2021,RU,RU,COKE1,SECO8,885.89,0,0
506,2021,RU,RU,PLAS1,FOODW,882.0,0,0
557,2021,RU,RU,FOOD3,SUGAR,880.94,0,0
883,2021,RU,RU,ELEC4,ELE12,876.91,0,0
292,2021,RU,RU,FOODW,PETRO,869.13,0,0
86,2021,RU,RU,ALUM1,PULP5,850.32,0,0
936,2021,RU,RU,TEXT1,ELE10,849.68,0,0
130,2021,RU,RU,MEDIC,ELE10,846.67,0,0
344,2021,RU,RU,BIODI,ALUM1,839.36,0,0
596,2021,RU,RU,LUBRI,WEARI,832.94,0,0
626,2021,RU,RU,HEALT,ELE10,830.44,0,0
449,2021,RU,RU,ELE12,ELE12,824.96,0,0
802,2021,RU,RU,CONST,SALEM,820.48,0,0
821,2021,RU,RU,SALEM,ELE12,817.93,0,0
877,2021,RU,RU,ELEC4,ELEC7,817.27,0,0
84,2021,RU,RU,ALUM1,PRIVA,815.93,0,0
701,2021,RU,RU,TRAN2,NONSP,806.89,0,0
828,2021,RU,RU,SALEM,PRIVA,806.62,0,0
683,2021,RU,RU,TRAN2,MEAT4,803.28,0,0
384,2021,RU,RU,PETRO,BIODI,800.8,0,0
89,2021,RU,RU,ALUM1,SALEM,792.82,0,0
455,2021,RU,RU,ELE12,HEALT,791.84,0,0
469,2021,RU,RU,MEMBE,TEXT2,791.36,0,0
882,2021,RU,RU,ELEC4,PAPE2,790.63,0,0
850,2021,RU,RU,SECO1,PETRO,790.38,0,0
729,2021,RU,RU,PULP5,MEMBE,773.25,0,0
664,2021,RU,RU,PRIVA,PETRO,766.2,0,0
25,2021,RU,RU,MEAT4,URANI,764.36,0,0
713,2021,RU,RU,TRAN2,TEXT1,763.34,0,0
662,2021,RU,RU,PRIVA,MOTO1,759.65,0,0
859,2021,RU,RU,SECO1,PRIVA,749.53,0,0
459,2021,RU,RU,ELE12,URANI,746.86,0,0
931,2021,RU,RU,TEXT1,MEAT4,743.97,0,0
852,2021,RU,RU,SECO1,ELE12,743.45,0,0
927,2021,RU,RU,SUGAR,SECO1,737.08,0,0
302,2021,RU,RU,FOODW,TRAN2,734.76,0,0
16,2021,RU,RU,MEAT4,MEMBE,730.9,0,0
772,2021,RU,RU,URANI,SECO1,730.58,0,0
340,2021,RU,RU,MOTO1,SUGAR,728.28,0,0
940,2021,RU,RU,TEXT1,FOODW,727.64,0,0
128,2021,RU,RU,MEDIC,TEXT2,723.61,0,0
856,2021,RU,RU,SECO1,NONSP,715.61,0,0
661,2021,RU,RU,PRIVA,FOODW,710.41,0,0
761,2021,RU,RU,URANI,PLAS1,706.91,0,0
470,2021,RU,RU,MEMBE,MEDIC,706.59,0,0
515,2021,RU,RU,PLAS1,NONSP,704.91,0,0
540,2021,RU,RU,FOOD3,PETRO,704.7,0,0
390,2021,RU,RU,PETRO,FOOD3,704.68,0,0
293,2021,RU,RU,FOODW,PAPE2,683.06,0,0
308,2021,RU,RU,FOODW,ELEC4,679.31,0,0
507,2021,RU,RU,PLAS1,MOTO1,677.91,0,0
402,2021,RU,RU,PETRO,SUGAR,666.18,0,0
382,2021,RU,RU,PETRO,FOODW,666.15,0,0
278,2021,RU,RU,ELEC7,SUGAR,664.78,0,0
29,2021,RU,RU,MEAT4,ELEC4,664.08,0,0
31,2021,RU,RU,MEAT4,TEXT1,662.31,0,0
550,2021,RU,RU,FOOD3,TRAN2,658.55,0,0
749,2021,RU,RU,URANI,MEDIC,646.26,0,0
865,2021,RU,RU,SECO1,SECO1,644.21,0,0
290,2021,RU,RU,FOODW,MOTO1,628.45,0,0
851,2021,RU,RU,SECO1,PAPE2,627.75,0,0
743,2021,RU,RU,PULP5,SUGAR,625.13,0,0
769,2021,RU,RU,URANI,URANI,621.78,0,0
853,2021,RU,RU,SECO1,MEMBE,605.79,0,0
849,2021,RU,RU,SECO1,BIODI,605.26,0,0
70,2021,RU,RU,ALUM1,COKE1,594.19,0,0
487,2021,RU,RU,MEMBE,PRIVA,592.04,0,0
505,2021,RU,RU,PLAS1,ELEC7,586.04,0,0
234,2021,RU,RU,COKE1,PLAS1,584.64,0,0
535,2021,RU,RU,FOOD3,COKE1,584.3,0,0
248,2021,RU,RU,COKE1,TEXT1,582.12,0,0
239,2021,RU,RU,COKE1,PRIVA,569.94,0,0
523,2021,RU,RU,PLAS1,SALEM,568.75,0,0
53,2021,RU,RU,SECO8,PRIVA,548.78,0,0
334,2021,RU,RU,MOTO1,PULP5,548.45,0,0
153,2021,RU,RU,MEDIC,ELEC4,544.54,0,0
948,2021,RU,RU,TEXT1,FOOD3,528.6,0,0
296,2021,RU,RU,FOODW,PLAS1,527.28,0,0
463,2021,RU,RU,ELE12,ELEC4,518.37,0,0
924,2021,RU,RU,SUGAR,URANI,517.86,0,0
93,2021,RU,RU,ALUM1,TEXT1,515.36,0,0
766,2021,RU,RU,URANI,PRIVA,513.92,0,0
703,2021,RU,RU,TRAN2,HEALT,512.42,0,0
258,2021,RU,RU,ELEC7,FOODW,508.18,0,0
665,2021,RU,RU,PRIVA,PAPE2,501.64,0,0
156,2021,RU,RU,ELE10,MEAT4,499.76,0,0
229,2021,RU,RU,COKE1,BIODI,498.57,0,0
349,2021,RU,RU,BIODI,COKE1,494.67,0,0
46,2021,RU,RU,SECO8,ELE12,492.94,0,0
746,2021,RU,RU,URANI,SECO8,485.72,0,0
777,2021,RU,RU,CONST,SECO8,484.03,0,0
231,2021,RU,RU,COKE1,PAPE2,480.14,0,0
874,2021,RU,RU,ELEC4,ELE10,479.47,0,0
416,2021,RU,RU,PAPE2,PETRO,458.88,0,0
170,2021,RU,RU,ELE10,ELE12,452.89,0,0
748,2021,RU,RU,URANI,TEXT2,451.03,0,0
485,2021,RU,RU,MEMBE,LUBRI,449.94,0,0
385,2021,RU,RU,PETRO,PETRO,446.83,0,0
525,2021,RU,RU,PLAS1,ELEC4,442.24,0,0
376,2021,RU,RU,PETRO,TEXT2,437.74,0,0
834,2021,RU,RU,SALEM,SECO1,437.25,0,0
217,2021,RU,RU,WEARI,TEXT1,431.79,0,0
370,2021,RU,RU,BIODI,ELEC4,431.59,0,0
607,2021,RU,RU,LUBRI,FOOD3,430.75,0,0
676,2021,RU,RU,PRIVA,URANI,426.43,0,0
730,2021,RU,RU,PULP5,PLAS1,425.91,0,0
137,2021,RU,RU,MEDIC,PETRO,420.68,0,0
621,2021,RU,RU,HEALT,MEAT4,413.15,0,0
241,2021,RU,RU,COKE1,PULP5,411.04,0,0
456,2021,RU,RU,ELE12,PRIVA,410.68,0,0
546,2021,RU,RU,FOOD3,NONSP,406.57,0,0
872,2021,RU,RU,ELEC4,TEXT2,405.15,0,0
104,2021,RU,RU,TEXT2,MOTO1,401.14,0,0
380,2021,RU,RU,PETRO,COKE1,395.15,0,0
85,2021,RU,RU,ALUM1,TRAN2,394.95,0,0
172,2021,RU,RU,ELE10,PLAS1,387.79,0,0
900,2021,RU,RU,SUGAR,MEAT4,386.7,0,0
323,2021,RU,RU,MOTO1,PETRO,385.46,0,0
164,2021,RU,RU,ELE10,ELEC7,383.1,0,0
341,2021,RU,RU,MOTO1,TEXT1,381.63,0,0
337,2021,RU,RU,MOTO1,SALEM,378.52,0,0
360,2021,RU,RU,BIODI,NONSP,376.88,0,0
301,2021,RU,RU,FOODW,PRIVA,375.22,0,0
510,2021,RU,RU,PLAS1,PAPE2,373.39,0,0
857,2021,RU,RU,SECO1,LUBRI,372.08,0,0
57,2021,RU,RU,SECO8,CONST,365.75,0,0
381,2021,RU,RU,PETRO,ELEC7,365.29,0,0
189,2021,RU,RU,WEARI,ALUM1,358.89,0,0
588,2021,RU,RU,NONSP,SUGAR,356.16,0,0
590,2021,RU,RU,LUBRI,MEAT4,350.65,0,0
182,2021,RU,RU,ELE10,SALEM,349.71,0,0
759,2021,RU,RU,URANI,ELE12,348.66,0,0
537,2021,RU,RU,FOOD3,FOODW,346.88,0,0
494,2021,RU,RU,MEMBE,ELEC4,346.12,0,0
508,2021,RU,RU,PLAS1,BIODI,343.79,0,0
499,2021,RU,RU,PLAS1,ALUM1,333.94,0,0
197,2021,RU,RU,WEARI,MOTO1,327.13,0,0
171,2021,RU,RU,ELE10,MEMBE,322.54,0,0
810,2021,RU,RU,SALEM,TEXT2,318.46,0,0
332,2021,RU,RU,MOTO1,PRIVA,316.35,0,0
391,2021,RU,RU,PETRO,NONSP,315.44,0,0
530,2021,RU,RU,FOOD3,ALUM1,310.82,0,0
514,2021,RU,RU,PLAS1,FOOD3,308.31,0,0
19,2021,RU,RU,MEAT4,NONSP,307.95,0,0
122,2021,RU,RU,TEXT2,ELEC4,306.9,0,0
832,2021,RU,RU,SALEM,CONST,299.88,0,0
135,2021,RU,RU,MEDIC,MOTO1,299.3,0,0
602,2021,RU,RU,LUBRI,PETRO,297.25,0,0
751,2021,RU,RU,URANI,WEARI,296.46,0,0
261,2021,RU,RU,ELEC7,PETRO,293.73,0,0
206,2021,RU,RU,WEARI,LUBRI,285.84,0,0
448,2021,RU,RU,ELE12,PAPE2,284.38,0,0
755,2021,RU,RU,URANI,MOTO1,277.69,0,0
482,2021,RU,RU,MEMBE,PLAS1,273.46,0,0
427,2021,RU,RU,PAPE2,PULP5,267.12,0,0
161,2021,RU,RU,ELE10,ELE10,260.68,0,0
753,2021,RU,RU,URANI,ELEC7,259.91,0,0
518,2021,RU,RU,PLAS1,PRIVA,258.81,0,0
732,2021,RU,RU,PULP5,NONSP,258.29,0,0
598,2021,RU,RU,LUBRI,ELEC7,258.03,0,0
275,2021,RU,RU,ELEC7,SALEM,256.27,0,0
453,2021,RU,RU,ELE12,NONSP,253.58,0,0
627,2021,RU,RU,HEALT,WEARI,251.13,0,0
127,2021,RU,RU,MEDIC,ALUM1,250.55,0,0
838,2021,RU,RU,SECO1,MEAT4,245.7,0,0
356,2021,RU,RU,BIODI,ELE12,243.15,0,0
833,2021,RU,RU,SALEM,SALEM,242.17,0,0
325,2021,RU,RU,MOTO1,ELE12,241.04,0,0
568,2021,RU,RU,NONSP,FOODW,239.79,0,0
635,2021,RU,RU,HEALT,ELE12,237.4,0,0
17,2021,RU,RU,MEAT4,PLAS1,236.97,0,0
937,2021,RU,RU,TEXT1,WEARI,232.04,0,0
264,2021,RU,RU,ELEC7,MEMBE,230.22,0,0
922,2021,RU,RU,SUGAR,TRAN2,229.0,0,0
458,2021,RU,RU,ELE12,PULP5,224.06,0,0
497,2021,RU,RU,PLAS1,MEAT4,222.94,0,0
34,2021,RU,RU,SECO8,ALUM1,211.82,0,0
450,2021,RU,RU,ELE12,MEMBE,211.02,0,0
133,2021,RU,RU,MEDIC,ELEC7,209.4,0,0
407,2021,RU,RU,PAPE2,TEXT2,206.63,0,0
946,2021,RU,RU,TEXT1,MEMBE,205.36,0,0
183,2021,RU,RU,ELE10,SECO1,204.95,0,0
228,2021,RU,RU,COKE1,MOTO1,201.47,0,0
795,2021,RU,RU,CONST,LUBRI,199.81,0,0
693,2021,RU,RU,TRAN2,MOTO1,199.8,0,0
488,2021,RU,RU,MEMBE,TRAN2,199.56,0,0
63,2021,RU,RU,ALUM1,MEAT4,187.57,0,0
654,2021,RU,RU,PRIVA,ALUM1,187.48,0,0
677,2021,RU,RU,PRIVA,CONST,185.59,0,0
843,2021,RU,RU,SECO1,ELE10,180.04,0,0
412,2021,RU,RU,PAPE2,ELEC7,179.18,0,0
614,2021,RU,RU,LUBRI,URANI,178.8,0,0
682,2021,RU,RU,PRIVA,TEXT1,177.22,0,0
542,2021,RU,RU,FOOD3,ELE12,176.93,0,0
200,2021,RU,RU,WEARI,PAPE2,171.16,0,0
27,2021,RU,RU,MEAT4,SALEM,167.76,0,0
118,2021,RU,RU,TEXT2,URANI,160.5,0,0
431,2021,RU,RU,PAPE2,SECO1,154.76,0,0
159,2021,RU,RU,ELE10,TEXT2,151.68,0,0
64,2021,RU,RU,ALUM1,SECO8,149.83,0,0
460,2021,RU,RU,ELE12,CONST,149.2,0,0
245,2021,RU,RU,COKE1,SECO1,148.3,0,0
534,2021,RU,RU,FOOD3,WEARI,144.38,0,0
326,2021,RU,RU,MOTO1,MEMBE,143.24,0,0
36,2021,RU,RU,SECO8,MEDIC,140.88,0,0
685,2021,RU,RU,TRAN2,ALUM1,140.43,0,0
140,2021,RU,RU,MEDIC,MEMBE,137.39,0,0
147,2021,RU,RU,MEDIC,TRAN2,135.32,0,0
284,2021,RU,RU,FOODW,MEDIC,135.03,0,0
608,2021,RU,RU,LUBRI,NONSP,132.74,0,0
194,2021,RU,RU,WEARI,COKE1,132.38,0,0
266,2021,RU,RU,ELEC7,FOOD3,131.7,0,0
698,2021,RU,RU,TRAN2,MEMBE,130.61,0,0
953,2021,RU,RU,TEXT1,TRAN2,130.47,0,0
251,2021,RU,RU,ELEC7,ALUM1,127.46,0,0
794,2021,RU,RU,CONST,NONSP,122.5,0,0
742,2021,RU,RU,PULP5,ELEC4,121.64,0,0
941,2021,RU,RU,TEXT1,MOTO1,121.42,0,0
707,2021,RU,RU,TRAN2,URANI,121.38,0,0
639,2021,RU,RU,HEALT,NONSP,118.52,0,0
640,2021,RU,RU,HEALT,LUBRI,117.02,0,0
445,2021,RU,RU,ELE12,MOTO1,114.3,0,0
393,2021,RU,RU,PETRO,HEALT,109.88,0,0
148,2021,RU,RU,MEDIC,PULP5,109.82,0,0
39,2021,RU,RU,SECO8,COKE1,107.72,0,0
782,2021,RU,RU,CONST,WEARI,105.81,0,0
831,2021,RU,RU,SALEM,URANI,103.43,0,0
723,2021,RU,RU,PULP5,FOODW,102.47,0,0
752,2021,RU,RU,URANI,COKE1,101.57,0,0
907,2021,RU,RU,SUGAR,COKE1,99.52,0,0
205,2021,RU,RU,WEARI,NONSP,95.19,0,0
873,2021,RU,RU,ELEC4,MEDIC,94.79,0,0
438,2021,RU,RU,ELE12,TEXT2,94.61,0,0
500,2021,RU,RU,PLAS1,TEXT2,93.97,0,0
503,2021,RU,RU,PLAS1,WEARI,90.34,0,0
124,2021,RU,RU,TEXT2,TEXT1,89.6,0,0
750,2021,RU,RU,URANI,ELE10,88.53,0,0
348,2021,RU,RU,BIODI,WEARI,88.35,0,0
675,2021,RU,RU,PRIVA,PULP5,88.34,0,0
704,2021,RU,RU,TRAN2,PRIVA,88.13,0,0
20,2021,RU,RU,MEAT4,LUBRI,87.29,0,0
101,2021,RU,RU,TEXT2,COKE1,86.62,0,0
486,2021,RU,RU,MEMBE,HEALT,85.15,0,0
24,2021,RU,RU,MEAT4,PULP5,84.62,0,0
268,2021,RU,RU,ELEC7,LUBRI,83.48,0,0
272,2021,RU,RU,ELEC7,PULP5,82.3,0,0
933,2021,RU,RU,TEXT1,ALUM1,79.84,0,0
347,2021,RU,RU,BIODI,ELE10,79.82,0,0
96,2021,RU,RU,TEXT2,ALUM1,76.8,0,0
45,2021,RU,RU,SECO8,PAPE2,73.97,0,0
579,2021,RU,RU,NONSP,HEALT,73.96,0,0
816,2021,RU,RU,SALEM,FOODW,72.68,0,0
644,2021,RU,RU,HEALT,PULP5,69.56,0,0
190,2021,RU,RU,WEARI,TEXT2,67.55,0,0
473,2021,RU,RU,MEMBE,COKE1,67.49,0,0
862,2021,RU,RU,SECO1,URANI,67.4,0,0
255,2021,RU,RU,ELEC7,WEARI,66.79,0,0
926,2021,RU,RU,SUGAR,SALEM,66.16,0,0
947,2021,RU,RU,TEXT1,PLAS1,65.77,0,0
413,2021,RU,RU,PAPE2,FOODW,64.37,0,0
131,2021,RU,RU,MEDIC,WEARI,61.77,0,0
705,2021,RU,RU,TRAN2,TRAN2,60.85,0,0
776,2021,RU,RU,CONST,MEAT4,58.82,0,0
401,2021,RU,RU,PETRO,ELEC4,55.36,0,0
483,2021,RU,RU,MEMBE,FOOD3,53.73,0,0
143,2021,RU,RU,MEDIC,NONSP,53.59,0,0
224,2021,RU,RU,COKE1,WEARI,52.89,0,0
527,2021,RU,RU,PLAS1,TEXT1,50.97,0,0
636,2021,RU,RU,HEALT,MEMBE,47.6,0,0
790,2021,RU,RU,CONST,ELE12,46.88,0,0
532,2021,RU,RU,FOOD3,MEDIC,46.81,0,0
521,2021,RU,RU,PLAS1,URANI,45.9,0,0
631,2021,RU,RU,HEALT,MOTO1,43.33,0,0
734,2021,RU,RU,PULP5,HEALT,42.25,0,0
439,2021,RU,RU,ELE12,MEDIC,42.16,0,0
722,2021,RU,RU,PULP5,ELEC7,41.45,0,0
397,2021,RU,RU,PETRO,URANI,41.15,0,0
15,2021,RU,RU,MEAT4,ELE12,39.95,0,0
430,2021,RU,RU,PAPE2,SALEM,36.71,0,0
50,2021,RU,RU,SECO8,NONSP,36.32,0,0
609,2021,RU,RU,LUBRI,LUBRI,34.92,0,0
526,2021,RU,RU,PLAS1,SUGAR,32.71,0,0
741,2021,RU,RU,PULP5,SECO1,29.9,0,0
222,2021,RU,RU,COKE1,MEDIC,27.99,0,0
569,2021,RU,RU,NONSP,MOTO1,27.74,0,0
14,2021,RU,RU,MEAT4,PAPE2,24.95,0,0
111,2021,RU,RU,TEXT2,FOOD3,24.61,0,0
286,2021,RU,RU,FOODW,WEARI,22.64,0,0
38,2021,RU,RU,SECO8,WEARI,22.22,0,0
80,2021,RU,RU,ALUM1,FOOD3,20.72,0,0
237,2021,RU,RU,COKE1,LUBRI,18.86,0,0
567,2021,RU,RU,NONSP,ELEC7,18.26,0,0
432,2021,RU,RU,PAPE2,ELEC4,18.21,0,0
443,2021,RU,RU,ELE12,ELEC7,16.97,0,0
672,2021,RU,RU,PRIVA,HEALT,16.72,0,0
709,2021,RU,RU,TRAN2,SALEM,16.37,0,0
383,2021,RU,RU,PETRO,MOTO1,14.74,0,0
934,2021,RU,RU,TEXT1,TEXT2,12.22,0,0
576,2021,RU,RU,NONSP,FOOD3,11.85,0,0
472,2021,RU,RU,MEMBE,WEARI,9.44,0,0
545,2021,RU,RU,FOOD3,FOOD3,6.18,0,0
75,2021,RU,RU,ALUM1,PETRO,4.27,0,0
669,2021,RU,RU,PRIVA,FOOD3,3.95,0,0
647,2021,RU,RU,HEALT,SALEM,3.52,0,0
263,2021,RU,RU,ELEC7,ELE12,0.9,0,0
